{"cameraMode":{"drawMode":0,"name":"Shaded","section":"Shading Mode"},"sceneLighting":true,"audioPlay":false,"sceneViewState":{"m_AlwaysRefresh":false,"showFog":true,"showSkybox":true,"showFlares":true,"showImageEffects":true,"showParticleSystems":true,"showVisualEffectGraphs":true,"m_FxEnabled":true},"in2DMode":false,"pivot":{"x":436.1502685546875,"y":368.3086242675781,"z":133.60801696777345},"rotation":{"x":0.03143236041069031,"y":-0.06292728334665299,"z":0.0019828572403639557,"w":0.997521162033081},"size":322.517333984375,"orthographic":true}